,company
0,Awe Pty Ltd
1,Greek Organisation of Football Prognostics SA
2,Regenxbio Inc
3,VMware Inc
4,Canon Production Printing Holding BV
5,United Gulf Bank BSC
6,Indocement Tunggal Prakarsa Tbk PT
7,InterXion Holding NV
8,Lyft Inc
9,Humm Group Ltd
10,Poly Developments and Holdings Group Co Ltd
11,Sichuan Languang Development Co Ltd
12,Celtic Exploration ULC
13,Remy Cointreau SA
14,Jyske Bank A/S
15,Pakuwon Jati Tbk PT
16,Luxottica Group SpA
17,Howmet Aerospace Inc
18,GRG Banking Equipment Co Ltd
19,Bodycote PLC
20,Lions Gate Entertainment Corp
21,Bank Ozk
22,Alfa SAB de CV
23,AquaBounty Technologies Inc
24,Pilbara Minerals Ltd
25,KGHM Polska Miedz SA
26,Fleetwood Ltd
27,Starz Acquisition LLC
28,SBI Securities Co Ltd
29,McPherson's Ltd
30,Gaztransport et Technigaz SA
31,BNK Financial Group Inc
32,Comvita Ltd
33,SNC-Lavalin Group Inc
34,Starhill Global Real Estate Investment Trust
35,WM Morrison Supermarkets PLC
36,Boryszew SA
37,Hongkong Land Holdings Ltd
38,OTP Bank Nyrt
39,GCL-Poly Energy Holdings Ltd
40,Greggs PLC
41,Canfor Corp
42,Polski Koncern Naftowy Orlen SA
43,Praemium Ltd
44,MRF Ltd
45,Shanghai Lujiazui Finance & Trade Zone Development Co Ltd
46,Hanwha Solutions Corp
47,Cashbuild Ltd
48,Husky Energy Inc
49,Pacific National Holdings Pty Ltd
50,Monadelphous Group Ltd
51,Alpha Pro Tech Ltd
52,Cresud SACIF y A
53,Computer Modelling Group Ltd
54,Doosan Heavy Industries & Construction Co Ltd
55,Fairfax Media Ltd
56,IQE Plc
57,Israel Corporation Ltd
58,Ringkjoebing Landbobank A/S
59,DEUTZ AG
60,Rex Minerals Ltd
61,WGL Holdings Inc
62,Wynn Resorts Ltd
63,GBST Holdings Ltd
64,China Gezhouba Group Co Ltd
65,FBL Financial Group Inc
66,Saudi Investment Bank SJSC
67,Towngas China Company Ltd
68,Dubai Investments PJSC
69,PDL BioPharma Inc
70,Wuhan Guide Infrared Co Ltd
71,Maxlinear Inc
72,Koza Anadolu Metal Madencilik Isletmeleri AS
73,Zscaler Inc
74,Oakton Ltd
75,DCC PLC
76,Nexa Resources Peru SAA
77,Boardwalk Real Estate Investment Trust
78,Shriram Transport Finance Company Ltd
79,Australian Agricultural Company Ltd
80,Suncorp Group Ltd
81,JCK Legacy Co
82,JPMorgan Indian Investment Trust PLC
83,Catlin Group Ltd
84,Jinduicheng Molybdenum Co Ltd
85,JM AB
86,LendLease Group
87,Chongqing Changan Automobile Co Ltd
88,Nufarm Ltd
89,SGH Energy Pty Ltd
90,NKT A/S
91,Netflix Inc
92,Idameneo No789 Ltd
93,Jenoptik AG
94,ADK Holdings Inc
95,Bandanna Energy Ltd
96,ICF International Inc
97,Rexel Holding Netherlands BV
98,Wayfair Inc
99,EML Payments Ltd
100,Koninklijke Vopak NV
101,Bajaj Finance Ltd
102,Kumho Petro Chemical Co Ltd
103,Inovest BSC Public
104,Peabody Energy Australia PCI Pty Ltd
105,Fiberhome Telecommunication Technologies Co Ltd
106,Brixmor Property Group Inc
107,Tabcorp Holdings Ltd
108,Independence Jaguar Ltd
109,Hexagon Composites ASA
110,Sanpaolo Imi SpA
111,Onward Holdings Co Ltd
112,AMP AAPH Ltd
113,JMT Network Services PCL
114,China High Speed Transmission Equipment Group Co Ltd
115,Samson Oil & Gas Ltd
116,Shanying International Holdings Co Ltd
117,Symrise AG
118,Ternium Argentina SA
119,Comverse Technology Inc
120,Isoft Group Pty Ltd
121,Whitehaven Coal Ltd
122,Sodexo SA
123,Alterity Therapeutics Ltd
124,EQT Holdings Ltd
125,Ramsay Health Care Ltd
126,Modern Times Group MTG AB
127,Seabridge Gold Inc
128,Allreal Holding AG
129,Buzzi Unicem SpA
130,Lawson Inc
131,Befimmo SA
132,Imax Corp
133,IDEXX Laboratories Inc
134,JDE Peets NV
135,WestJet Airlines Ltd
136,PGE Polska Grupa Energetyczna SA
137,Blue Star Helium Ltd
138,Abu Dhabi Commercial Bank PJSC
139,Scottish & Newcastle Ltd
140,CA Immobilien Anlagen AG
141,Relx NV
142,Brookfield Asset Management Inc
143,Jacquet Metals SA
144,Inpex Corp
145,Jiangxi Copper Co Ltd
146,Worley Ltd
147,Sirtex Medical Pty Ltd
148,Seek Ltd
149,Novion Property Group
150,Genesee & Wyoming Inc
151,Brookdale Senior Living Inc
152,Lihir Gold Ltd
153,Greencross Pty Ltd
154,Koninklijke Ahold Delhaize NV
155,World Color Press Inc
156,Coca-Cola Amatil Ltd
157,Masraf Al Rayan QPSC
158,Tessenderlo Group NV
159,CGI IT konsulter AB
160,Daiwa Securities Group Inc
161,voestalpine High Performance Metals GmbH
162,Electro Optic Systems Holdings Ltd
163,China Resources Sanjiu Medical & Pharmaceutical Co Ltd
164,Gujarat State Petronet Ltd
165,HDC Holdings Co Ltd
166,Enel Generacion Costanera SA
167,OFX Group Ltd
168,IXYS Corp
169,Ocwen Financial Corp
170,Bulgari SpA
171,WBA Holdings 1 Ltd
172,TJX Companies Inc
173,Assured Guaranty Ltd
174,Blackhawk Network Holdings Inc
175,Gazprom Neft' PAO
176,BASF SE
177,Reckon Ltd
178,GSX Techedu Inc
179,BancFirst Corp
180,PBF Energy Inc
181,Clean TeQ Holdings Ltd
182,Pure Foods Tasmania Ltd
183,Sinotruk Hong Kong Ltd
184,AFGRI Ltd
185,EssilorLuxottica SA
186,China Shipbuilding Industry Group Power Co Ltd
187,Consolidated Media Holdings Pty Ltd
188,Micron Memory Japan GK
189,Kone Oyj
190,Urbi Desarrollos Urbanos SAB de CV
191,Amdocs Ltd
192,Tanami Gold NL
193,Boart Longyear Ltd
194,Immoeast AG
195,Crowe Horwath Australasia Pty Ltd
196,Webster Ltd
197,DP World PLC
198,Ranbaxy Laboratories Ltd
199,PBG SA
200,Porr AG
201,Freedom Foods Group Ltd
202,Kapsch Trafficcom AG
203,Integrated Research Ltd
204,Nordic American Tanker Ltd
205,TeamHealth Holdings Inc
206,Hamburger Hafen und Logistik AG
207,Cheil Worldwide Inc
208,Northview Apartment REIT
209,Exmar NV
210,Salzgitter AG
211,HUAYU Automotive Systems Co Ltd
212,Nuvista Energy Ltd
213,ArcBest Corp
214,Ackermans & Van Haaren NV
215,BRF SA
216,WD-40 Co
217,Jtekt Corp
218,Phoenix Mills Ltd
219,Saudi British Bank SJSC
220,Vodafone Qatar PQSC
221,Shyft Group Inc
222,Jiangxi Zhengbang Technology Co Ltd
223,Mirgor SACIFIA
224,Colonial Bancgroup Inc
225,Square Inc
226,Oxurion NV
227,UFP Technologies Inc
228,Inspur Electronic Information Industry Co Ltd
229,MMX Mineracao e Metalicos SA Em Recuperacao Judicial
230,Cramo Oyj
231,JLEN Environmental Assets Group Ltd
232,Tunghsu Optoelectronic Technology Co Ltd
233,Perpetual Income and Growth Investment Trust PLC
234,ViewRay Inc
235,TQM Corporation PCL
236,Qatar Gas Transport Nakilat Co Ltd QPSC
237,Jaguar Mining Inc
238,Terex Material Handling & Port Solutions AG
239,BJ's Wholesale Club Holdings Inc
240,VolitionRX Ltd
241,Acrux Ltd
242,WW International Inc
243,MTU Aero Engines AG
244,Guangzhou R&F Properties Co Ltd
245,Walsin Lihwa Corp
246,Guararapes Confeccoes SA
247,DMCI Holdings Inc
248,UMH Properties Inc
249,Zhangzhou Pientzehuang Pharmaceutical Ltd
250,Highlands Pacific Ltd
251,HollyFrontier Corp
252,Avic Shenyang Aircraft Co Ltd
253,KCE Electronics PCL
254,Kokuyo Co Ltd
255,American Axle & Manufacturing Holdings Inc
256,Hellenic Exchanges Athens Stock Exchange SA
257,bwin Interactive Entertainment AG
258,Italcementi Fabbriche Riunite Cemento SpA Bergamo
259,Pro Medicus Ltd
260,Lifestyle International Holdings Ltd
261,Orbia Advance Corporation SAB de CV
262,Luxshare Precision Industry Co Ltd
263,Axfood AB
264,TDK Electronics AG
265,BGC Partners Inc
266,InvoCare Ltd
267,Guangdong Hec Technology Holding Co Ltd
268,Qlik Technologies Inc
269,Rhoen Klinikum AG
270,Britvic PLC
271,Enerjisa Enerji AS
272,Mohawk Industries Inc
273,GlaxoSmithKline PLC
274,VBI Vaccines Inc
275,CNPR Ltd
276,Perilya Ltd
277,Comdirect Bank AG
278,Draegerwerk AG & Co KGaA
279,Hubei Energy Group Co Ltd
280,BinckBank NV
281,CCL Industries Inc
282,Salmat Ltd
283,Ceconomy AG
284,CJ E&M Corp
285,Blackmores Ltd
286,Turquoise Hill Resources Ltd
287,THK Co Ltd
288,Bharat Forge Ltd
289,Mobile Telecommunications Company KSCP
290,Programmed Maintenance Services Ltd
291,Qube Holdings Ltd
292,OMV AG
293,Mabanee Company KPSC
294,DKSH Holding AG
295,China Railway Group Ltd
296,Champion Iron Ltd
297,Bang & Olufsen A/S
298,Algonquin Power & Utilities Corp
299,Luzhou Laojiao Co Ltd
300,Tamdeen Real Estate Co KPSC
301,MeiraGTx Holdings PLC
302,Sherritt International Corp
303,Enbridge Income Fund Holdings Inc
304,Prime Media Group Ltd
305,BillerudKorsnas AB (publ)
306,PARKSON Retail Group Ltd
307,Lexmark International Inc
308,Qantas Airways Ltd
309,CytomX Therapeutics Inc
310,AK Alrosa PAO
311,Bellevue Gold Ltd
312,Boldt SA
313,Tompkins Financial Corp
314,Flsmidth & Co A/S
315,CESP Companhia Energetica de Sao Paulo
316,BJ's Wholesale Club Inc
317,Anxin Trust Co Ltd
318,Vympel-Kommunikatsii PAO
319,Mirvac Group
320,Curtiss-Wright Corp
321,Tokyo Century Corp
322,Cytokinetics Inc
323,PDG Realty SA Empreendimentos e Participacoes
324,Guangshen Railway Co Ltd
325,Dongfang Electric Corp Ltd
326,DH Corp
327,Zumtobel Group AG
328,CGG SA
329,PDS Biotechnology Corp
330,Brixton Ltd
331,Hanes Australasia Pty Ltd
332,Virtu KCG Holdings LLC
333,Compania Sud Americana de Vapores SA
334,Goodman Fielder Pty Ltd
335,Shenzhen Zhongjin Lingnan Nonfemet Co Ltd
336,Companhia de Saneamento de Minas Gerais Copasa MG
337,FMC Technologies Inc
338,Prodigy Gold NL
339,SmartCentres Real Estate Investment Trust
340,Zhejiang China Commodities City Group Co Ltd
341,Terna Rete Elettrica Nazionale SpA
342,Growthpoint Properties Ltd
343,Focus Minerals Ltd
344,Mirabela Nickel Ltd
345,3SBio Inc
346,Oxley Holdings Ltd
347,HDFC Bank Ltd
348,Power Financial Corp
349,Gunns Ltd
350,Shanxi Meijin Energy Co Ltd
351,Guoyuan Securities Co Ltd
352,Westport Fuel Systems Inc
353,Mincor Resources NL
354,Indo Tambangraya Megah Tbk PT
355,UTi Worldwide Inc
356,Aurora Oil & Gas Pty Ltd
357,Changchun High & New Technology Industries Group Inc
358,Zhejiang Longsheng Group Co Ltd
359,Isra Vision AG
360,Mobil'nye Telesistemy PAO
361,Caixabank SA
362,TimkenSteel Corp
363,Xero Ltd
364,Cogna Educacao SA
365,Kangwon Land Inc
366,Lincoln Electric Holdings Inc
367,Nearmap Ltd
368,Wright Medical Group NV
369,Qinghai Salt Lake Industry Co Ltd
370,Cardno Ltd
371,Muenchener Rueckversicherungs Gesellschaft AG in Muenchen
372,Ws Atkins Ltd
373,Melbana Energy Ltd
374,IPG Photonics Corp
375,Kaile Science and Technology Co Ltd Hubei
376,U.S. Physical Therapy Inc
377,Coca-Cola Femsa SAB de CV
378,Silex Systems Ltd
379,Pan American Silver Corp
380,Coffey International Ltd
381,McBride PLC
382,Banco Espirito Santo SA em Liquidacao
383,Karoon Energy Ltd
384,Chongqing Brewery Co Ltd
385,Tasly Pharmaceutical Group Co Ltd
386,AFK Sistema PAO
387,Bank of Nanjing Co Ltd
388,Borussia Dortmund GmbH & Co KGaA
389,AUB Group Ltd
390,Grupo Financiero Inbursa SAB de CV
391,Kordsa Teknik Tekstil AS
392,Immobiliare Grande Distribuzione SIIQ SpA
393,Thompson Creek Metals Company Inc (Colorado)
394,Iluka Resources Ltd
395,FIH Mobile Ltd
396,Topsec Technologies Group Inc
397,NHK Spring Co Ltd
398,Companhia de Saneamento do Parana Sanepar
399,Shanxi LuAn Environmental Energy Dev Co Ltd
400,Mediterranean and Gulf Cooperative Insurance and Reinsurance Company CJSC
401,Carnarvon Petroleum Ltd
402,Alcanna Inc
403,Grandjoy Holdings Group Co Ltd
404,Spotify Technology SA
405,Volkswagen AG
406,First Abu Dhabi Bank PJSC
407,FGL Holdings Inc
408,New Hope Liuhe Co Ltd
409,WPG Holdings Ltd
410,Advtech Ltd
411,Silver Lake Resources Ltd
412,Clinuvel Pharmaceuticals Ltd
413,NewMarket Corp
414,Xinhu Zhongbao Co Ltd
415,MGIC Investment Corp
416,CuDECO Ltd
417,Metcash Ltd
418,Keryx Biopharmaceuticals Inc
419,MatsumotoKiyoshi Holdings Co Ltd
420,SDIC Capital Co Ltd
421,Brambles Ltd
422,Regis Resources Ltd
423,JOYY Inc
424,Exlservice Holdings Inc
425,Verbund AG
426,Attijariwafa Bank SA
427,LBX Pharmacy Chain JSC
428,Epizyme Inc
429,AVIC Jonhon Optronic Technology Co Ltd
430,IDFC Ltd
431,Washington H Soul Pattinson and Company Ltd
432,KCC Corp
433,Suez SA (Ile-De-France)
434,Aldar Properties PJSC
435,Watkin Jones PLC
436,Suzhou Gold Mantis Construction Decoration Co Ltd
437,Standard AVB Financial Corp
438,MAG Silver Corp
439,City Chic Collective Ltd
440,Tenaga Nasional Bhd
441,DCM Holdings Co Ltd
442,Shanghai Jahwa United Co Ltd
443,SalfaCorp SA
444,Australian Gas Networks Ltd
445,Addax Petroleum Corp
446,China Molybdenum Co Ltd
447,VF Corp
448,Dr.Reddy's Laboratories Ltd
449,Semen Indonesia (Persero) Tbk PT
450,Wyndham Destinations Inc
451,EIS Eczacibasi Ilac Sinai ve Finansal Yatirimlar Sanayi ve Ticaret AS
452,Telekom Austria AG
453,SK Hynix Inc
454,DB Insurance Co Ltd
455,Central Puerto SA
456,AGC Inc
457,Tonghua Dongbao Pharmaceutical Co Ltd
458,CRH PLC
459,Kossan Rubber Industries Bhd
460,Almacenes Exito SA
461,Mazda Motor Corp
462,Bahrain Duty Free Shop Complex BSC
463,CEZ as
464,Cyberdyne Inc
465,Omni Bridgeway Ltd
466,Watpac Ltd
467,VBG Group AB (publ)
468,HeidelbergCement AG
469,Yuan Longping High-tech Agriculture Co Ltd
470,Chongqing Zhifei Biological Products Co Ltd
471,Hangzhou Silan Microelectronics Co Ltd
472,Nagoya Railroad Co Ltd
473,XL Group Ltd
474,Dixons Retail Group Ltd
475,Net Servicos de Comunicacao SA
476,VOXX International Corp
477,ARB Corp Ltd
478,Cyclone Metals Ltd
479,Ten Network Holdings Pty Ltd
480,Woolworths Group Ltd
481,Abacus Property Group
482,Trinidad Drilling Ltd
483,Cipla Medpro South Africa Ltd
484,Woodside Petroleum Ltd
485,JD Sports Fashion PLC
486,Unibail-Rodamco-Westfield SE
487,Smithfield Foods Inc
488,Amil Participacoes SA
489,Wuxi Taiji Industry Ltd Corp
490,Mesquite Energy Inc
491,McDermott International Inc
492,Bow Energy Pty Ltd
493,Addsino Co Ltd
494,Precision Castparts Corp
495,TechnipFMC PLC
496,BlackBerry Ltd
497,Dongfeng Motor Group Co Ltd
498,Transmissora Alianca de Energia Eletrica SA
499,Sigma Healthcare Ltd
500,Semiconductor Manufacturing International Corp
501,HgCapital Trust PLC
502,Quebecor Inc
503,Mcmillan Shakespeare Ltd
504,PostNL NV
505,Zhejiang Expressway Co Ltd
506,Northgate Minerals Corp
507,AB SKF
508,Celulosa Argentina SA
509,Shengyi Technology Co Ltd
510,Hutchison Whampoa Ltd
511,YTL Power International Bhd
512,Arabtec Holding PJSC
513,OK Rusal MKPAO
514,Yintai Gold Co Ltd
515,Nokia Oyj
516,Vastned Retail NV
517,OPTIMIZERx Corp
518,Petrobras Distribuidora SA
519,YTL Corporation Bhd
520,Banco ABC Brasil SA
521,Enbridge Inc
522,Lynas Rare Earths Ltd
523,Martinrea International Inc
524,Diebold Nixdorf AG
525,Mayville Engineering Company Inc
526,Northern Dynasty Minerals Ltd
527,Pendal Group Ltd
528,Ferrum SA de Ceramica y Metalurgia
529,Mayne Pharma Group Ltd
530,Wheelock and Co Ltd
531,Martinsa-Fadesa SA en Liquidacion
532,Omnia Holdings Ltd
533,Agrana Beteiligungs AG
534,Blossomvale Holdings Ltd
535,AMMB Holdings Bhd
536,Aecc Aero Engine Control Co Ltd
537,Beckman Coulter Inc
538,Berkeley Energia Ltd
539,IHH Healthcare Bhd
540,Tegra Incorporadora SA
541,NVR Inc
542,CVS Health Corp
543,Christian Dior SE
544,Upwork Inc
545,Toho Co Ltd (Tokyo)
546,Yifan Pharmaceutical Co Ltd
547,CML Healthcare Inc (ONTARIO)
548,Industria de Diseno Textil SA
549,Gloucester Coal Ltd
550,Etablissementen Franz Colruyt NV
551,JVM Co Ltd
552,ams AG
553,voestalpine AG
554,Zorlu Enerji Elektrik Uretim AS
555,Paterson Copper Pty Ltd
556,Showa Shell Sekiyu KK
557,Cyrela Brazil Realty SA Empreendimentos e Participacoes
558,Cromwell Property Group
559,Carlsberg Brewery Malaysia Bhd
560,Ferreycorp SAA
561,Alesco Corporation Pty Ltd
562,McDonald's Holdings Company Japan Ltd
563,Carboclor SA
564,Dexus
565,Gol Linhas Aereas Inteligentes SA
566,Bendigo and Adelaide Bank Ltd
567,RLJ Lodging Trust
568,EDP Energias do Brasil SA
569,Wallbridge Mining Company Ltd
570,Evolution Mining Ltd
571,Toho Titanium Co Ltd
572,Mellanox Technologies Ltd
573,Snam SpA
574,KB Financial Group Inc
575,Omnicom Group Inc
576,Companhia Paranaense de Energia
577,Wesdome Gold Mines Ltd
578,Helixmith Co Ltd
579,VFS Global Investments AG
580,Atlas Iron Pty Ltd
581,Powszechna Kasa Oszczednosci Bank Polski SA
582,Elders Ltd
583,Collection House Ltd
584,Inner Mongolia Yili Industrial Group Co Ltd
585,Youngor Group Co Ltd
586,ZPG Ltd
587,NTPC Ltd
588,JPMorgan American Investment Trust PLC
589,Harvey Norman Holdings Ltd
590,Shenzhen Overseas Chinese Town Co Ltd
591,Comfortdelgro Corporation Ltd
592,Beiersdorf AG
593,Chongqing Fuling Zhacai Group Co Ltd
594,BMC Stock Holdings Inc
595,Adbri Ltd
596,Silver Lake (Integra) Pty Ltd
597,Hub24 Ltd
598,Burkhalter Holding AG
599,Turkcell Iletisim Hizmetleri AS
600,OP Yrityspankki Oyj
601,Banco BBVA Peru SA
602,Compagnie Plastic Omnium SE
603,Localiza Rent a Car SA
604,Alpargatas SA
605,MRV Engenharia e Participacoes SA
606,MTR Corp Ltd
607,Ooredoo QPSC
608,Hills Ltd
609,Aquantia Corp
610,Golar LNG Ltd
611,Landmark Mortgages Ltd
612,ZTO Express (Cayman) Inc
613,Galaxy Resources Ltd
614,SelectQuote Inc
615,Anixter International Inc
616,Accent Group Ltd
617,Daiwa House Reit Investment Corp
618,TravelSky Technology Ltd
619,FirstGroup PLC
620,St Barbara Ltd
621,APG SGA SA
622,Eurazeo SE
623,Royal Imtech NV
624,Entertainment One Ltd (Pre-Reincorporation)
625,Lanxess AG
626,Advantage Oil & Gas Ltd
627,Schindler Holding AG
628,JB Hi-Fi Ltd
629,Gulf Keystone Petroleum Ltd
630,Xinjiang Goldwind Science & Technology Co Ltd
631,Importadora y Exportadora de la Patagonia SA
632,Air France KLM SA
633,O2 Czech Republic as
634,Tfcf Corp
635,Oxford Industries Inc
636,Yanlord Land Group Ltd
637,Avecho Biotechnology Ltd
638,Healthpeak Properties Inc
639,Wyeth LLC
640,Rexnord Corp
641,Fujikura Ltd
642,Aannemingsmaatschappij CFE NV
643,Wallenius Wilhelmsen ASA
644,Tatts Group Ltd
645,CJ Corp
646,Orange Belgium SA
647,Wumart Stores Inc
648,Countrywide Financial Corp (Pre-Merger)
649,MOL Magyar Olajes Gazipari Nyrt
650,Western Areas Ltd
651,Jupiter Mines Ltd
652,Labrador Iron Ore Royalty Corp
653,LHR Airports Ltd
654,Braskem SA
655,Meritz Fire & Marine Insurance Co Ltd
656,Jungheinrich AG
657,Cydsa SAB de CV
658,Guocheng Mining Co Ltd
659,Innergex Renewable Energy Inc
660,Vicinity Ltd
661,Dycasa SA
662,Mota Engil SGPS SA
663,Sotheby's
664,BW LPG Ltd
665,TransGlobe Energy Corp
666,ZYX Learning Centres Ltd
667,Topdanmark A/S
668,ZTE Corp
669,Aedifica SA
670,Wuestenrot & Wuerttembergische AG
671,Lincoln National Corp
672,GVC Holdings PLC
673,FAR Ltd
674,WNS (Holdings) Ltd
675,Hawkins Inc
676,Downer EDI Ltd
677,Randon SA Implementos e Participacoes
678,Platinum Asset Management Ltd
679,Ridley Corporation Ltd
680,Admiral Group PLC
681,Canadian National Railway Co
682,Cash Converters International Ltd
683,Next PLC
684,Redecard SA
685,Kghm International Ltd (Pre-Merger)
686,CJ CheilJedang Corp
687,Daiichi Sankyo Co Ltd
688,Compania de Transporte de Energia Electrica en Alta Tension Transener SA
689,Inner Mongolia Yitai Coal Co Ltd
690,PG&E Corp
691,Leon's Furniture Ltd
692,Douja Promotion Groupe Addoha SA
693,Carl Zeiss Meditec AG
694,Petroleo Brasileiro SA Petrobras
695,Pampa Energia SA
696,Axon Enterprise Inc
697,CB&I Group Inc
698,Transportadora de Gas del Norte SA
699,EFG Hermes Holdings SAE
700,Baytex Energy Corp
701,Kewpie Corp
702,Richter Gedeon Vegyeszeti Gyar Nyrt
703,Coalspur Mines Pty Ltd
704,VGI PCL
705,China Jinmao Holdings Group Ltd
706,Sonic Healthcare Ltd
707,GWG Holdings Inc
708,Greenyard NV
709,JBG SMITH Properties
710,Klepierre SA
711,Trustee for DEXUS CPA Trust
712,Flughafen Wien AG
713,AGL Energy Ltd
714,GF Securities Co Ltd
715,Lojas Renner SA
716,Beazley PLC
717,Totvs SA
718,Koninklijke BAM Groep NV
719,Gemdale Corp
720,Krones AG
721,HengTen Networks Group Ltd
722,APN Industria REIT
723,Dfds AS
724,Xstrata Ltd
725,Extra Space Storage Inc
726,Kangaroo Resources Ltd
727,Dongkuk Steel Mill Co Ltd
728,Vakrangee Ltd
729,Petrohawk Energy Corp
730,Bangchak Corporation PCL
731,Tap Oil Ltd
732,Jiangsu Zhongtian Technology Co Ltd
733,HP Inc
734,UMW Holdings Bhd
735,Agrometal SAI
736,Parque Arauco SA
737,EDF Renouvelables SA
738,Brickworks Ltd
739,Roc Oil Company Ltd
740,PGS ASA
741,Parkway Life Real Estate Investment Trust
742,TonenGeneral Sekiyu KK
743,CGI Inc
744,EZCORP Inc
745,OPKO Health Inc
746,Offshore Oil Engineering Co Ltd
747,Gd Power Development Co Ltd
748,China Railway Hi-tech Industry Corp Ltd
749,Rockwool International A/S
750,MMG Ltd
751,Lixil Corp
752,Fortescue Metals Group Ltd
753,Taiwan High Speed Rail Corp
754,NRW Holdings Ltd
755,YPG Financing Inc
756,TFK Co Ltd
757,Amplify Snack Brands Inc
758,SEB SA
759,bwin.party digital entertainment plc
760,Bharat Heavy Electricals Ltd
761,Tate & Lyle PLC
762,RHG Pty Ltd
763,SDIC Power Holdings Co Ltd
764,Growthpoint Properties Australia Ltd
765,Qatar National Bank Alahly SAE
766,Svedbergs i Dalstorp AB
767,JLT Group Holdings Ltd
768,ABN Amro Bank NV
769,Nelnet Inc
770,LKQ Corp
771,Shandong Weigao Group Medical Polymer Co Ltd
772,NWS Holdings Ltd
773,Aeroflot-Rossiyskiye Avialinii PAO
774,Syrah Resources Ltd
775,Mitsubishi UFJ Lease & Finance Co Ltd
776,SWK Holdings Corp
777,SVMK Inc
778,Knoll Inc
779,Qorvo Inc
780,Chunghwa Picture Tubes Ltd
781,Kalbe Farma Tbk PT
782,ITV PLC
783,Novo Nordisk A/S
784,Boozt AB
785,Longvie SA
786,Skyworth Group Ltd
787,Australian Pharmaceutical Industries Ltd
788,International Coal Holdings Pty Ltd
789,Opthea Ltd
790,Santos NSW Pty Ltd
791,Mineral Deposits Ltd
792,Monash IVF Group Ltd
793,Tsingtao Brewery Co Ltd
794,Livzon Pharmaceutical Group Inc
795,Thyssenkrupp AG
796,Companhia de Bebidas das Americas Ambev
797,Gazprom PAO
798,Zhuzhou CRRC Times Electric Co Ltd
799,Equinox Minerals Ltd
800,Sanrio Co Ltd
801,Hillgrove Resources Ltd
802,Indofood Sukses Makmur Tbk PT
803,JFE Holdings Inc
804,Eldorado Gold Yukon Corp
805,Gulf Hotel Group BSC
806,Qatar Electricity and Water Company QPSC
807,Black Knight InfoServ LLC
808,Vienna Insurance Group AG Wiener Versicherung Gruppe
809,Centrais Eletricas Brasileiras SA
810,OZ Minerals Ltd
811,Eletropaulo Metropolitana Eletricidade de Sao Paulo SA
812,DXB Entertainments PJSC
813,EQT AB
814,Esso Societe Anonyme Francaise SA
815,Shanxi Taigang Stainless Steel Co Ltd
816,Folli Follie Commercial Manufacturing and Technical SA
817,CSX Corp
818,Ovctek China Inc
819,CSG Ltd
820,SmartFinancial Inc
821,Oil Search Ltd
822,JD Group Ltd
823,FormFactor Inc
824,EDP Renovaveis SA
825,Neo Performance Materials ULC
826,Akzo Nobel NV
827,Mcdonald's Corp
828,National Bank of Kuwait SAKP
829,Amkor Technology Inc
830,Kongsberg Gruppen ASA
831,CSG Holding Co Ltd
832,SGL Carbon SE
833,Minefinders Corporation Ltd
834,WM Wrigley Jr Co
835,Kagara Ltd
836,Flexsteel Industries Inc
837,EVN AG
838,Amcom Telecommunications Pty Ltd
839,Tianqi Lithium Corp
840,Rexel SA
841,Wuliangye Yibin Co Ltd
842,HFF Inc
843,Senex Energy Ltd
844,BGF Co Ltd
845,Colbun SA
846,Pabrik Kertas Tjiwi Kimia Tbk PT
847,Azimuth Resources Ltd
848,KB Securities Co Ltd
849,Fielmann AG
850,Macmahon Holdings Ltd
851,IGO Nova Holdings Pty Ltd
852,Northfield Bancorp Inc
853,Canadian Pacific Railway Ltd
854,Greentown China Holdings Ltd
855,Eclipx Group Ltd
856,Valhi Inc
857,Bank Rakyat Indonesia (Persero) Tbk PT
858,Mr Price Group Ltd
859,QL Resources Bhd
860,Meggitt PLC
861,Petropavlovsk PLC
862,RWE AG
863,Conzzeta AG
864,Eloxx Pharmaceuticals Inc
865,Fisher & Paykel Appliances Holdings Ltd
866,Aurelia Metals Ltd
867,Baoding Tianwei Baobian Electric Co Ltd
868,CD Projekt SA
869,RPX Corp
870,Fisher & Paykel Healthcare Corporation Ltd
871,Wockhardt Ltd
872,Kiwi Property Group Ltd
873,BCE Inc
874,Xinxing Ductile Iron Pipes Co Ltd
875,WPX Energy Inc
876,Rheinmetall AG
877,ChemoCentryx Inc
878,My EG Services Bhd
879,Ahtium Oyj
880,Omega Pharma NV
881,XBiotech Inc
882,Decmil Group Ltd
883,Wingtech Technology Co Ltd
884,SKILLED Group Ltd
885,IOI Corporation Bhd
886,Mount Gibson Iron Ltd
887,Danakali Ltd
888,AP Moeller - Maersk A/S
889,Joincare Pharmaceutical Group Industry Co Ltd
890,Holcim Argentina SA
891,Crombie Real Estate Investment Trust
892,Lamda Development SA
893,Troy Resources Ltd
894,Greenland Holdings Corp Ltd
895,Westshore Terminals Investment Corp
896,Ajinomoto Co Inc
897,Mytilineos SA
898,Omnicare Inc
899,Amplify Energy Corp
900,Getronics BV
901,Friends Life FPG Ltd
902,CTO Realty Growth Inc
903,KDDI Corp
904,Maple Leaf Foods Inc
905,Chevron Corp
906,Rautaruukki Corp
907,HBIS Co Ltd
908,ArQule Inc
909,PPB Group Bhd
910,AMG Advanced Metallurgical Group NV
911,Industrias Penoles SAB de CV
912,Taubman Centers Inc
913,ATS Automation Tooling Systems Inc
914,Deluxe Corp
915,Arjo AB (publ)
916,Chongqing Rural Commercial Bank Co Ltd
917,IDP Education Ltd
918,Ainsworth Game Technology Ltd
919,Egypt Kuwait Holding Co SAE
920,Bubs Australia Ltd
921,CDL Hospitality Trusts
922,IQVIA Holdings Inc
923,Rallye SA
924,Atlantic Power LP
925,Jumbo Interactive Ltd
926,GlaxoSmithKline Consumer Healthcare Ltd
927,Eckert & Ziegler Strahlen und Medizintechnik AG
928,Inner Mongolia MengDian HuaNeng Thermal Power Corp Ltd
929,Blackbaud Inc
930,China National Software & Service Co Ltd
931,Highpine Oil & Gas Ltd (Pre-Merger)
932,RF Capital Group Inc
933,Charoen Pokphand Indonesia Tbk PT
934,Oji Holdings Corp
935,Shaw Communications Inc
936,CVR Energy Inc
937,Woolworths Holdings Ltd
938,Aggreko PLC
939,OrotonGroup Ltd
940,African Oxygen Ltd
941,CVS Group PLC
942,Deutsche Pfandbriefbank AG
943,EQT RE Merger Sub Inc
944,World Wrestling Entertainment Inc
945,Dongxing Securities Co Ltd
946,SkyWest Inc
947,Daetwyler Holding AG
948,Timken Co
949,ASX Ltd
950,Maxscend Microelectronics Co Ltd
951,Bellatrix Exploration Ltd
952,Incitec Pivot Ltd
953,TDK Corp
954,Mesoblast Ltd
955,SFL Corporation Ltd
956,China Yangtze Power Co Ltd
957,Banmedica SA
958,Media Nusantara Citra Tbk PT
959,Shanghai AJ Group Co Ltd
960,Sociedad Comercial del Plata SA
961,Aygaz AS
962,Equitable Group Inc
963,Canyon Services Group Inc
964,Citycon Oyj
965,Cargojet Inc
966,China Zhongwang Holdings Ltd
967,Bluerock Residential Growth REIT Inc
968,IPCA Laboratories Ltd
969,MC Mining Ltd
970,Sihuan Pharmaceutical Holdings Group Ltd
971,Grupo Clarin SA
972,China Railway Construction Corp Ltd
973,Meinian Onehealth Healthcare Holdings Co Ltd
974,Kaupthing ehf
975,Extract Resources Pty Ltd
976,Hyosung Corp
977,OC Oerlikon Corporation AG Pfaeffikon
978,TDC A/S
979,Exxaro Resources Ltd
980,Australian Ethical Investment Ltd
981,MFA Financial Inc
982,Webjet Ltd
983,CTEEP Companhia de Transmissao de Energia Eletrica Paulista
984,Omnicell Inc
985,Austar United Communications Pty Ltd
986,Guangzhou Baiyunshan Pharmaceutical Holdings Co Ltd
987,Interfor Corp
988,Rabigh Refining and Petrochemical Company SJSC
989,Remgro Ltd
990,Sumitomo Rubber Industries Ltd
991,Embraer SA
992,Douglas Holding AG
993,Siv Capital Ltd
994,JAFCO Group Co Ltd
995,HKT Trust and HKT Ltd
996,SSR Mining Inc
997,China Aoyuan Group Ltd
998,Krka dd Novo Mesto
999,ALK-Abello A/S
1000,Ausenco Pty Ltd
1001,YPF SA
1002,China Galaxy Securities Co Ltd
1003,NBT Bancorp Inc
1004,A-TEC INDUSTRIES in Liqu AG
1005,BTS Group Holdings PCL
1006,Blackthorn Resources Pty Ltd
1007,Albioma SA
1008,Commercial Bank PSQC
1009,Constellation Software Inc
1010,Ucb SA
1011,L'Air Liquide Societe Anonyme pour l'Etude et l'Exploitation des Procedes Georges Claude SA
1012,TX Group AG
1013,Schweiter Technologies AG
1014,Geox SpA
1015,FB Financial Corp
1016,UGL Pty Ltd
1017,Beach Energy Ltd
1018,Kangmei Pharmaceutical Co Ltd
1019,Dolby Laboratories Inc
1020,Beijing New Building Materials Public Ltd Co
1021,JB Financial Group Co Ltd
1022,Adtalem Global Education Inc
1023,Teekay Corp
1024,PJT Partners Inc
1025,Shanghai Pudong Development Bank Co Ltd
1026,Shopify Inc
1027,Bolsas y Mercados Espanoles SHMSF SA
1028,Benefytt Technologies Inc
1029,Jiangsu Expressway Co Ltd
1030,NV Bekaert SA
1031,Mitsubishi Heavy Industries Ltd
1032,Hufvudstaden AB
1033,Ufp Industries Inc
1034,Healius Ltd
1035,Camuzzi Gas Pampeana SA
1036,Shimizu Corp
1037,Selcuk Ecza Deposu Ticaret ve Sanayi AS
1038,Wuhu Sanqi Interactive Entertainment Network Technology Group Co Ltd
1039,Mizuho Securities Co Ltd
1040,Truworths International Ltd
1041,Semapa Sociedade de Investimento e Gestao SGPS SA
1042,Mizuho Financial Group Inc
1043,TietoEVRY Corp
1044,Vukile Property Fund Ltd
1045,FangDa Carbon New Material Co Ltd
1046,ACN 003 401 698 Ltd
1047,Wesfarmers Ltd
1048,Ashford Hospitality Trust Inc
1049,VSE Corp
1050,Knight Transportation Inc
1051,Knorr Bremse AG
1052,Crown Resorts Ltd
1053,Endeavour Silver Corp
1054,Texas Roadhouse Inc
1055,Shawbrook Group PLC
1056,Intertape Polymer Group Inc
1057,TongFu Microelectronics Co Ltd
1058,Nabtesco Corp
1059,HK Electric Investments Ltd
1060,Hawthorn Bancshares Inc
1061,Alkane Resources Ltd
1062,Polynovo Ltd
1063,Aurizon Mines Ltd
1064,GFPT PCL
1065,Duvernay Oil Corp
1066,Souza Cruz Ltda
1067,Cleanaway Waste Management Ltd
1068,Shimadzu Corp
1069,Peugeot SA
1070,Hewlett Packard Enterprise Co
1071,Nyrstar NV
1072,First Majestic Silver Corp
1073,Riversdale Mining Pty Ltd
1074,XM Satellite Radio Holdings Inc
1075,Evry ASA
1076,Hyve Group PLC
1077,FNX Mining Company Inc
1078,First Calgary Petroleums Ltd
1079,Chunghwa Telecom Co Ltd
1080,TFI International Inc
1081,Wuchan Zhongda Group Co Ltd
1082,Workday Inc
1083,Kuwait International Bank KSCP
1084,HB Fuller Co
1085,Domino's Pizza Group PLC
1086,CMB Wing Lung Bank Ltd
1087,REA Group Ltd
1088,Fagron NV
1089,Telekom Malaysia Bhd
1090,Banco Bilbao Vizcaya Argentaria SA
1091,PDC Energy Inc
1092,Indophil Resources Pty Ltd
1093,Otokar Otomotiv ve Savunma Sanayi AS
1094,Xchanging Ltd
1095,Avnet Inc
1096,European Cannabis Corporation Ltd
1097,WMI Holdings Corp
1098,Boral Ltd
1099,Alexium International Group Ltd
1100,Semafo Inc (pre-merger)
1101,Liquefied Natural Gas Ltd
1102,Nick Scali Ltd
1103,Anhui Expressway Co Ltd
1104,Corus Entertainment Inc
1105,Axsome Therapeutics Inc
1106,Xylem Inc
1107,China Dongxiang (Group) Co Ltd
1108,Commonwealth Bank of Australia
1109,Vtech Holdings Ltd
1110,Lazard Ltd
1111,Cooper Energy Ltd
1112,Hyundai Hysco Co Ltd
1113,Ardelyx Inc
1114,Richelieu Hardware Ltd
1115,Reject Shop Ltd
1116,Computershare Ltd
1117,Ledesma SAAI
1118,IJM Corporation Bhd
1119,BG Group Ltd
1120,Hexcel Corp
1121,Resolute Mining Ltd
1122,Brockman Mining Australia Pty Ltd
1123,DLF Ltd
1124,Al Rajhi Banking & Investment Corporation SJSC
1125,IGO Ltd
1126,PHH Corp
1127,Saudi Cement Company SJSC
1128,Nido Petroleum Ltd
1129,JD.Com Inc
1130,Tata Consultancy Services Ltd
1131,Marfrig Global Foods SA
1132,Bahrain Commercial Facilities Co BSC
1133,Mortgage Choice Ltd
1134,CCR SA
1135,GKN Ltd
1136,Tbea Co Ltd
1137,JCDecaux SA
1138,Zhaojin Mining Industry Co Ltd
1139,Perenti Global Ltd
1140,Ezdan Holding Group QPSC
1141,Kinepolis Group NV
1142,Hemfosa Fastigheter AB
1143,Banco Macro SA
1144,Village Roadshow Ltd
1145,G8 Education Ltd
1146,Saputo Inc
1147,Ambuja Cements Ltd
1148,Banco Bbva Argentina SA
1149,Bank of Ningbo Co Ltd
1150,Sanwa Holdings Corp
1151,China Hongqiao Group Ltd
1152,Qatar Insurance Company QSPC
1153,Honeywell International Inc
1154,Suzuken Co Ltd
1155,Beijing SL Pharmaceutical Co Ltd
1156,PNE AG
1157,Ellaktor SA
1158,Suzano SA
1159,Zhejiang Jiahua Energy Chemical Industry Co Ltd
1160,Zhengzhou Yutong Bus Co Ltd
1161,Glitnir HoldCo ehf
1162,Trakya Cam Sanayii AS
1163,Huhtamaki Oyj
1164,YOUZU Interactive Co Ltd
1165,PPG Industries Inc
1166,WildBrain Ltd
1167,Gulfport Energy Corp
1168,Carbon Energy Ltd
1169,Guoxuan High-tech Co Ltd
1170,Aquarius Platinum Ltd
1171,Bank of Queensland Ltd
1172,Chartwell Retirement Residences
1173,Dream Office Real Estate Investment Trust
1174,Infomedia Ltd
1175,Husqvarna AB
1176,Independent News & Media PLC
1177,Fednat Holding Co
1178,Northgate Information Solutions Holdings Ltd
1179,Addtech AB
1180,Dalian Port PDA Co Ltd
1181,FNCB Bancorp Inc
1182,StarHub Ltd
1183,Greenland Minerals Ltd
1184,PAVmed Inc
1185,Orange Egypt for Telecommunications SAE
1186,MVB Financial Corp
1187,XXL ASA
1188,PCCW Ltd
1189,GUD Holdings Ltd
1190,Grupo Concesionario del Oeste SA
1191,Telemar Norte Leste SA em Recuperacao Judicial
1192,Merck KGaA
1193,PPX Mining Corp
1194,Yanbu National Petrochemicals Company SJSC
1195,Taseko Mines Ltd
1196,Servcorp Ltd
1197,ICG Enterprise Trust PLC
1198,Wanxiang Qianchao Co Ltd
1199,Kinross Gold Corp
1200,Zhejiang Supor Co Ltd
1201,Dampskibsselskabet Norden A/S
1202,NFI Group Inc
1203,Goodman Property Trust
1204,Orix JREIT Inc
1205,Sai Global Pty Ltd
1206,DNA Oyj
1207,PHX Minerals Inc
1208,Ashok Leyland Ltd
1209,Lifco AB (publ)
1210,Pepkor Holdings Ltd
1211,Zynga Inc
1212,Charter Hall Social Infrastructure REIT
1213,Heroux Devtek Inc
1214,HBOS PLC
1215,Qatar International Islamic Bank QPSC
1216,Birchcliff Energy Ltd
1217,Synergie SE
1218,Wienerberger AG
1219,DXC United Pty Ltd
1220,Mercadolibre Inc
1221,XCMG Construction Machinery Co Ltd
1222,Ningbo Joyson Electronic Corp
1223,EnQuest PLC
1224,NxStage Medical Inc
1225,Dazn Group Ltd
1226,Navitas Pty Ltd
1227,Sedgman Pty Ltd
1228,Dnb ASA
1229,Astra International Tbk PT
1230,Opus Global Nyrt
1231,Kingboard Laminates Holdings Ltd
1232,RadNet Inc
1233,Exelon Corp
1234,Cromwell European Real Estate Investment Trust
1235,Forzani Group Ltd
1236,Atlantic Power Corp
1237,BB Biotech AG
1238,Qatar Fuel Company QPSC
1239,Henkel AG & Co KgaA
1240,Winpak Ltd
1241,Mvv Energie AG
1242,Ceramic Fuel Cells Ltd
1243,Zhongji Innolight Co Ltd
1244,Select Harvests Ltd
1245,Meritz Securities Co Ltd
1246,Compagnie Maritime Belge SA
1247,Wheaton Precious Metals Corp
1248,Hla Corp Ltd
1249,Kikkoman Corp
1250,Canopy Growth Corp
1251,Emeco Holdings Ltd
1252,Oxford BioMedica PLC
1253,Synthos SA
1254,Alteryx Inc
1255,Safmar Finansovye Investitsii PAO
1256,Iress Ltd
1257,AT & S Austria Technologie & Systemtechnik AG
1258,ZOZO Inc
1259,CBTX Inc
1260,KT Corp
1261,Samba Financial Group SJSC
1262,Aquila Resources Pty Ltd
1263,Nexstar Media Group Inc
1264,Jeronimo Martins SGPS SA
1265,Middleby Corp
1266,Hyprop Investments Ltd
1267,KLX Energy Services Holdings Inc
1268,PV Crystalox Solar PLC
1269,Los Cerros Ltd
1270,Global PVQ SE
1271,Phoslock Environmental Technologies Ltd
1272,BTG Hotels Group Co Ltd
1273,WEG SA
1274,WP Carey Inc
1275,TCF Financial Corp (Pre Merger)
1276,Angel Yeast Co Ltd
1277,TMX Group Ltd
1278,Kirby Corp
1279,CJ ENM Co Ltd
1280,EDP Energias de Portugal SA
1281,Bristol-Myers Squibb Co
1282,Tanzanian Gold Corp
1283,Medical Developments International Ltd
1284,Soho China Ltd
1285,Wotif.com Holdings Ltd
1286,KVH Industries Inc
1287,Southwest Securities Co Ltd
1288,PVR Ltd
1289,Niko Resources Ltd
1290,QEP Resources Inc
1291,Hafnia Ltd
1292,LG Uplus Corp
1293,Fideuram Intesa Sanpaolo Private Banking SpA
1294,Saudi Basic Industries Corporation SJSC
1295,PNM Resources Inc
1296,SJM Holdings Ltd
1297,KBC Ancora BV
1298,Mesaieed Petrochemical Holding Co QSC
1299,Ajman Bank PJSC
1300,PNC Financial Services Group Inc
1301,Metals X Ltd
1302,Simcorp A/S
1303,Daihatsu Motor Co Ltd
1304,Banco Patagonia SA
1305,NGK Spark Plug Co Ltd
1306,Ipsos SA
1307,National Australia Bank Ltd
1308,Akron PAO
1309,AMP Ltd
1310,Newmont Corporation
1311,Sany Heavy Industry Co Ltd
1312,Neste Oyj
1313,Medusa Mining Ltd
1314,Tekfen Holding AS
1315,BWX Ltd
1316,CSL Ltd
1317,SBM Offshore NV
1318,SouthGobi Resources Ltd
1319,Challenger Diversified Property Group
1320,Yangzijiang Shipbuilding Holdings Ltd
1321,Eagers Automotive Ltd
1322,Pzena Investment Management Inc
1323,ZF TRW Automotive Holdings Corp
1324,Nasdaq Aktiebolag
1325,Industries Qatar QPSC
1326,Hysan Development Co Ltd
1327,TFS Financial Corp
1328,Yonyou Network Technology Co Ltd
1329,Halozyme Therapeutics Inc
1330,BCI Minerals Ltd
1331,Molinos Juan Semino SA
1332,Shoppers Drug Mart Corp
1333,MaxiTRANS Industries Ltd
1334,Horizon Oil Ltd
1335,Plexus Corp
1336,Lenzing AG
1337,CSPC Pharmaceutical Group Ltd
1338,Alcan Inc
1339,Bahrain Kuwait Insurance Co BSC
1340,Sirius XM Holdings Inc
1341,Changjiang Securities Co Ltd
1342,Cleanaway Industries Pty Ltd
1343,Gimv Investeringsmaatschappij Voor Vlanderen NV
1344,Fnac Darty SA
1345,Proofpoint Inc
1346,Northland Power Inc
1347,Chang Hwa Commercial Bank Ltd
1348,BGrimm Power PCL
1349,Oi SA em Recuperacao Judicial
1350,Westgold Resources Ltd
1351,Atco Ltd
1352,Dotz Nano Ltd
1353,Qiagen NV
1354,Bahrain Tourism Co
1355,Odfjell Drilling Ltd
1356,Exco Technologies Ltd
1357,JSW Steel Ltd
1358,PacWest Bancorp
1359,Westpac Banking Corp
1360,Altium Ltd
1361,National Bank of Bahrain BSC
1362,New Hope Corporation Ltd
1363,Shenzhen Kingdom SCI-Tech Co Ltd
1364,Jastrzebska Spolka Weglowa SA
1365,Companhia de Saneamento Basico do Estado de Sao Paulo SABESP
1366,ASG Group Ltd
1367,Banco Hipotecario SA
1368,Oryzon Genomics SA
1369,Petronet LNG Ltd
1370,Zhejiang CONBA Pharmaceutical Co Ltd
1371,NTN Corp
1372,NanJi E-Commerce Co Ltd
1373,VCA Inc
1374,Pacific Current Group Ltd
1375,Bradken Pty Ltd
1376,Bidvest Group Ltd
1377,Lippo Karawaci Tbk PT
1378,Calfrac Well Services Ltd
1379,Eros STX Global Corp
1380,BW Offshore Ltd
1381,Platinum Australia Ltd
1382,Gjensidige Forsikring ASA
1383,MiMedx Group Inc
1384,Oxford Immunotec Global PLC
1385,Yokohama Rubber Co Ltd
1386,ACN 004 410 833 Ltd
1387,Intesa Sanpaolo SpA
1388,Virgin Australia Holdings Ltd
1389,Goodman Sub Trust Australia
1390,Comfort Systems USA Inc
1391,QBE Insurance Group Ltd
1392,Banro Corp
1393,Transneft' PAO
1394,Bank Aljazira JSC
1395,PVH Corp
1396,Cavco Industries Inc
1397,TechnologyOne Ltd
1398,KCOM Group Ltd
1399,Bayer Pharma AG
1400,Attacq Ltd
1401,TPG Corporation Ltd
1402,Arrow Energy Pty Ltd
1403,Iochpe Maxion SA
1404,Domtar Corp
1405,Capstone Mining Corp
1406,WPP Aunz Ltd
1407,BayWa AG
1408,FFP SA
1409,Telecom Egypt Co SAE
1410,JPMorgan European Smaller Companies Trust PLC
1411,Signify NV
1412,Wessanen BV
1413,Exxon Mobil Corp
1414,Bunzl plc
1415,CBRE Group Inc
1416,Banque Cantonale Vaudoise
1417,Hugo Boss AG
1418,Ciia Minera San Ignacio de Morococha SAA
1419,KP Chemical Corp
1420,Mayr Melnhof Karton AG
1421,A2 Milk Company Ltd
1422,LHC Group Inc
1423,Deutsche Lufthansa AG
1424,Synthorx Inc
1425,IVG Immobilien GmbH
1426,Mitsubishi UFJ Financial Group Inc
1427,Brandywine Realty Trust
1428,China Meheco Group Co Ltd
1429,Skyworks Solutions Inc
1430,Akwel SA
1431,Zhongjin Gold Corp Ltd
1432,Bank Mandiri (Persero) Tbk PT
1433,Kvaerner ASA
1434,Newland Digital Technology Co Ltd
1435,Neon Capital Ltd
1436,BHP Group PLC
1437,Fraport AG Frankfurt Airport Services Worldwide
1438,Klabin SA
1439,Ashmore Group PLC
1440,Aditya Birla Nuvo Ltd
1441,Healthscope Ltd
1442,Staples Solutions Express BV
1443,Aozora Bank Ltd
1444,Cyfrowy Polsat SA
1445,Gindalbie Metals Ltd
1446,Ezz Steel Co SAE
1447,El Sewedy Electric Co SAE
1448,Newcrest Mining Ltd
1449,Shanghai Baosight Software Co Ltd
1450,Babcock & Brown Ltd
1451,Via Varejo SA
1452,Carlsberg A/S
1453,Tassal Group Ltd
1454,Sims Ltd
1455,Tomra Systems ASA
1456,CPFL Energia SA
1457,Seven West Media Ltd
1458,TherapeuticsMD Inc
1459,Villa World Ltd
1460,Aluar Aluminio Argentino SAIC
1461,Kunlun Energy Company Ltd
1462,Promotora y Operadora de Infraestructura SAB de CV
1463,DexCom Inc
1464,Petkim Petrokimya Holding AS
1465,Eclat Textile Co Ltd
1466,Brightview Holdings Inc
1467,Aitken Spence PLC
1468,XL Axiata Tbk PT
1469,GPT Group
1470,JGC Holdings Corp
1471,Oxford Instruments PLC
1472,Garovaglio y Zorraquin SA
1473,Future Generation Investment Company Ltd
1474,Komercni Banka as
1475,LNA Sante SA
1476,NGK Insulators Ltd
1477,Centennial Coal Company Ltd
1478,Chiyoda Corp
1479,LPKF Laser & Electronics AG
1480,Workhorse Group Inc
1481,Moskovskaya Birzha MMVB-RTS PAO
1482,RHB Bank Bhd
1483,Qwest Communications International Inc
1484,JBS SA
1485,Sulzer AG
1486,PDF Solutions Inc
1487,SVF Holdco (UK) Ltd
1488,Fuyao Glass Industry Group Co Ltd
1489,Ace Hardware Indonesia Tbk PT
1490,Tongwei Co Ltd
1491,Iqvia Inc
1492,Empresas CMPC SA
1493,Domino's Pizza Inc
1494,Breville Group Ltd
1495,Bper Banca SpA
1496,Light SA
1497,Shizuoka Bank Ltd
1498,Samhallsbyggnadsbolaget I Norden AB
1499,Vulcan Materials Co
1500,Hongfa Technology Co Ltd
1501,Omron Corp
1502,GATX Corp
1503,Atrium Ljungberg AB
1504,Sykes Enterprises Inc
1505,Sonae SGPS SA
1506,NK Rosneft' PAO
1507,Rohm Co Ltd
1508,Gafisa SA
1509,HT&E Ltd
1510,Vale Fertilizantes SA
1511,St George Bank Ltd
1512,Shanxi Xishan Coal and Electricity Power Co Ltd
1513,Sigdo Koppers SA
1514,Shawcor Ltd
1515,Yunnan Baiyao Group Co Ltd
1516,SPX FLOW Inc
1517,J & J Snack Foods Corp
1518,Aryzta AG
1519,Emirates Telecommunications Group Co PJSC
1520,Nyfosa AB
1521,CyberAgent Inc
1522,Naturgy BAN SA
1523,Iproperty Group Pty Ltd
1524,Lockheed Martin Corp
1525,Navigator Global Investments Ltd
1526,Timberwest Forest Corp
1527,Wartsila Oyj Abp
1528,Bezeq Israeli Telecommunication Corp Ltd
1529,Luxi Chemical Group Co Ltd
1530,Ramelius Resources Ltd
1531,CompX International Inc
1532,Nexans SA
1533,Kawasaki Heavy Industries Ltd
1534,Premier Investments Ltd
1535,Pfeiffer Vacuum Technology AG
1536,SVB Financial Group
1537,VirnetX Holding Corp
1538,Morixe Hermanos SACI
1539,Takkt AG
1540,BNC Bancorp
1541,Wesizwe Platinum Ltd
1542,Konecranes Abp
1543,Elringklinger AG
1544,AXIS Capital Holdings Ltd
1545,NK KazMunayGaz AO
1546,Nestle (Malaysia) Bhd
1547,Molopo Energy Ltd
1548,CVB Financial Corp
1549,Brookfield Infrastructure Partners LP
1550,GMR Infrastructure Ltd
1551,Heilongjiang Agriculture Co Ltd
1552,Finsbury Growth & Income Trust PLC
1553,Raiffeisen Bank International AG
1554,Guangzhou Yuexiu Financial Holdings Group Co Ltd
1555,JPMorgan Japanese Investment Trust PLC
1556,WebMD Health Corp
1557,Insurance Australia Group Ltd
1558,Iguatemi Empresa de Shopping Centers SA
1559,Hubei Jumpcan Pharmaceutical Co Ltd
1560,APN Outdoor Group Pty Ltd
1561,National Industrialization Company JSC
1562,Vocus Group Ltd
1563,CNP Assurances SA
1564,Banca Popolare di Sondrio ScpA
1565,DXC Technology Co
1566,Sparebank 1 SMN
1567,Companhia Energetica de Minas Gerais CEMIG
1568,CF Industries Holdings Inc
1569,Borgwarner Inc
1570,Tupy SA
1571,China Shenhua Energy Co Ltd
1572,Concha y Toro Winery Inc
1573,Crawford & Co
1574,AXA SA
1575,Snap-On Inc
1576,Ovato Ltd
1577,NewSat Ltd
1578,EZTEC Empreendimentos e Participacoes SA
1579,Samsung SDI Co Ltd
1580,VWR Corp
1581,Guyana Goldfields Inc
1582,WSP Group Ltd
1583,BWP Trust
1584,FMC Corp
1585,Aveo Group
1586,BlueScope Steel Ltd
1587,Magnis Energy Technologies Ltd
1588,Nisshinbo Holdings Inc
1589,Ensign Energy Services Inc
1590,Capex SA
1591,Telecom Argentina SA
1592,Daqin Railway Co Ltd
1593,DEPFA Bank PLC
1594,Azkoyen SA
1595,Tianjin Zhonghuan Semiconductor Ltd
1596,Agility Public Warehousing Co KSCP
1597,Carrefour SA
1598,Aker BP ASA
1599,Collins Stewart Hawkpoint Ltd
1600,Immutep Ltd
1601,CJ Logistics Corp
1602,Slater & Gordon Ltd
1603,AGFA Gevaert NV
1604,CNOOC Ltd
1605,Imdex Ltd
1606,SKC Co Ltd
1607,Hamamatsu Photonics KK
1608,Berjaya Corporation Bhd
1609,Charter Hall Office Trust
1610,DuluxGroup Ltd
1611,Drillsearch Energy Pty Ltd
1612,Kaufman & Broad SA
1613,MetroGAS SA
1614,Shenzhen Airport Co Ltd
1615,Cnooc Petroleum North America ULC
1616,Oceanwide Holdings Co Ltd
1617,CyberOptics Corp
1618,Bank VTB PAO
1619,HMM Co Ltd
1620,Melexis NV
1621,CDW Corp
1622,Hansen Technologies Ltd
1623,TKH Group NV
1624,Hikma Pharmaceuticals PLC
1625,Television Broadcasts Ltd
1626,Frontline Ltd
1627,BYD Electronic International Co Ltd
1628,Evoqua Water Technologies Corp
1629,Immofinanz AG
1630,NZX Ltd
1631,PRGX Global Inc
1632,Rathbone Brothers PLC
1633,Herbalife Nutrition Ltd
1634,Heidelberger Druckmaschinen AG
1635,LBI ehf
1636,Orocobre Ltd
1637,JSR Corp
1638,Newpark Resources Inc
1639,Pinnacle Investment Management Group Ltd
1640,Shanghai Waigaoqiao Free Trade Zone Group Co Ltd
1641,Svenska Cellulosa SCA AB
1642,Azrieli Group Ltd
1643,DPL Inc
1644,PKP Cargo SA
1645,BWX Technologies Inc
1646,Macquarie Mexico Real Estate Management SA de CV
1647,Piaggio & C SpA
1648,Aristocrat Leisure Ltd
1649,Kimball Electronics Inc
1650,Johnson Electric Holdings Ltd
1651,Bayer AG
1652,Carlos Casado SA
1653,ALM. Brand A/S
1654,Compagnie Nationale a Portefeuille SA
1655,Bank Handlowy w Warszawie SA
1656,Renu Energy Ltd
1657,Intervest Offices & Warehouses NV
1658,Bionomics Ltd
1659,Emirates NBD Bank PJSC
1660,SA San Miguel AGICI y F
1661,AKR Corporindo Tbk PT
1662,Keihan Holdings Co Ltd
1663,DZS Inc
1664,David Jones Pty Ltd
1665,Loblaw Companies Ltd
1666,JX Nippon Mining & Metals Corp
1667,SPX Corp
1668,Commercial International Bank Egypt SAE
1669,Tamburi Investment Partners SpA
1670,Evonik Operations GmbH
1671,Bouygues SA
1672,ProQR Therapeutics NV
1673,Broadspectrum Pty Ltd
1674,Galaxy Entertainment Group Ltd
1675,Lojas Americanas SA
1676,Telkom Indonesia (Persero) Tbk PT
1677,NIB Holdings Ltd
1678,Caremark Rx Inc
1679,Bmo Global Smaller Companies PLC
1680,DXP Enterprises Inc
1681,McKesson Europe AG
1682,Diebold Nixdorf Inc
1683,Vozrozhdenie Bank
1684,Enerflex Systems Income Fund
1685,Webcentral Group Ltd
1686,Suedzucker AG
1687,Freehold Royalties Ltd
1688,MMA Offshore Ltd
1689,Wereldhave NV
1690,Transportadora de Gas del Sur SA
1691,iSignthis Ltd
1692,AcelRx Pharmaceuticals Inc
1693,Australia and New Zealand Banking Group Ltd
1694,Koninklijke DSM NV
1695,Cochlear Ltd
1696,Qlogic LLC
1697,BankFinancial Corp
1698,JG Summit Holdings Inc
1699,Korea Shipbuilding & Offshore Engineering Co Ltd
1700,Sansteel Minguang Co Ltd Fujian
1701,MCB Bank Ltd
1702,Beadell Resources Pty Ltd
1703,Acrow Formwork and Construction Services Ltd
1704,Molinos Rio de la Plata SA
1705,Hapag Lloyd AG
1706,Keyera Corp
1707,McGrath RentCorp
1708,Brookside Energy Ltd
1709,Kellogg Co
1710,Fjordkraft Holding ASA
1711,TVN SA
1712,Challenger Infrastructure Fund
1713,Daimler AG
1714,BDO Unibank Inc
1715,JPmorgan Emerging Markets Investment Trust PLC
1716,Glanbia PLC
1717,SolarWorld AG
1718,Magyar Telekom Tavkozlesi Nyrt
1719,Arafura Resources Ltd
1720,Industrea Pty Ltd
1721,Shenzhen Expressway Co Ltd
1722,Origin Energy Ltd
1723,Wilson Bayly Holmes - Ovcon Ltd
1724,Sacyr SA
1725,Fibria Celulose SA
1726,Zoomlion Heavy Industry Science and Technology Co Ltd
1727,Akbank TAS
1728,OFG Bancorp
1729,FGV Holdings Bhd
1730,IGM Financial Inc
1731,Solvay SA
1732,MKS Instruments Inc
1733,Ufj Holdings Inc
1734,MoneyGram International Inc
1735,Valad Property Group Pty Ltd
1736,Bertrandt AG
1737,Kloeckner & Co SE
1738,Avoca Resources Pty Ltd
1739,Anhui Gujing Distillery Co Ltd
1740,Ritchie Bros. Auctioneers Inc
1741,STADA Arzneimittel AG
1742,Gardner Denver Inc
1743,vTv Therapeutics Inc
1744,Teranga Gold (Australia) Pty Ltd
1745,Burckhardt Compression Holding AG
1746,Bpost SA
1747,Aircastle Ltd
1748,Commercial Bank of Kuwait KPSC
1749,LXi REIT PLC
1750,Apyx Medical Corp
1751,Vossloh AG
1752,CSR Ltd
1753,Manitou BF SA
1754,PQ Group Holdings Inc
1755,Guangzhou Baiyun International Airport Co Ltd
1756,Kingsrose Mining Ltd
1757,Credit Corp Group Ltd
1758,Jardine Cycle & Carriage Ltd
1759,Zhongtian Financial Group Co Ltd
1760,OCBC Wing Hang Bank Ltd
1761,PZ Cussons PLC
1762,Abdullah Al Othaim Markets CompanySJSC
1763,Taylor Wimpey PLC
1764,Celanese GmbH
1765,Relx PLC
1766,Billabong International Ltd
1767,Rosetta Stone Inc
1768,Wus Printed Circuit Kunshan Co Ltd
1769,Juventus FC SpA
1770,H Lundbeck A/S
1771,Zynex Inc
1772,Hidili Industry International Development Ltd
1773,Dubai Islamic Bank PJSC
1774,UNIQA Insurance Group AG
1775,MLP Saglik Hizmetleri AS
1776,BJ's Restaurants Inc
1777,Hyundai Steel Co
1778,Sycom Property Fund
1779,Sohgo Security Services Co Ltd
1780,BG Staffing Inc
1781,Shanghai Zhangjiang Hi-Tech Park Development Co Ltd
1782,Banco Bilbao Vizcaya Argentaria Colombia SA
1783,Palfinger AG
1784,Wharf Holdings Ltd
1785,Swissquote Group Holding SA
1786,CITIC Guoan Information Industry Co Ltd
1787,Commerzbank AG
1788,Nexa Resources Atacocha SAA
1789,FDM Group (Holdings) PLC
1790,DC Payments Pty Ltd
1791,Kingsgate Consolidated Ltd
1792,Protector Forsikring ASA
1793,NantKwest Inc
1794,Lululemon Athletica Inc
1795,Repsol Oil & Gas Canada Inc (PRE-MERGER 1)
1796,GWA Group Ltd
1797,Xinjiang Zhongtai Chemical Co Ltd
1798,MFC Energy Corp
1799,IHI Corp
1800,Aksa Enerji Uretim AS
1801,JKX Oil and Gas PLC
1802,Andritz AG
1803,Highbridge Tactical Credit Fund Ltd
1804,Revlon Inc
1805,CrowdStrike Holdings Inc
1806,Hapvida Participacoes e Investimentos SA
1807,Bank Hapoalim BM
1808,BHP Group Ltd
1809,Chocoladefabriken Lindt & Spruengli AG
1810,Bryn Mawr Bank Corp
1811,Ingenia Communities Group
1812,Battle North Gold Corp
1813,DIRECTV
1814,Tryg A/S
1815,Wec Acquisition Corp
1816,Daiwa House Industry Co Ltd
1817,Netcomm Wireless Pty Ltd
1818,DHC Software Co Ltd
1819,Fyffes PLC
1820,CVC Brasil Operadora e Agencia de Viagens SA
1821,Ultragenyx Pharmaceutical Inc
1822,Bukit Asam Tbk PT
1823,Razvedka Dobycha KazMunayGaz AO
1824,Cyberark Software Ltd
1825,TCF Financial Corp
1826,Corticeira Amorim SGPS SA
1827,SFA Engineering Corp
1828,Mizrahi Tefahot Bank Ltd
1829,AGF Management Ltd
1830,Advanced Petrochemical Co SJSC
1831,FVCBankcorp Inc
1832,Daewoo Shipbuilding & Marine Engineering Co Ltd
1833,Embarq Corp
1834,Stryker Corp
1835,Svenska Handelsbanken AB
1836,Money3 Corp Ltd
1837,QCR Holdings Inc
1838,Wajax Corp
1839,Quintis Ltd
1840,Bohai Leasing Co Ltd
1841,Investcorp Holdings BSC
1842,Umpqua Holdings Corp
1843,Distribuidora de Gas Cuyana SA
1844,Westfield Group
1845,Israel Discount Bank Ltd
1846,Metalurgica Gerdau SA
1847,VZ Holding AG
1848,Zhejiang Wanfeng Auto Wheel Co Ltd
1849,Unigroup Guoxin Microelectronics Co Ltd
1850,ConnectEast Group
1851,BT Group PLC
1852,Atkore International Group Inc
1853,Chengdu Xingrong Environment Co Ltd
1854,Sundance Resources Ltd
1855,EFG International AG
1856,TGS NOPEC Geophysical Company ASA
1857,Inmet Mining Corp
1858,Equatorial Energia SA
1859,Altura Mining Ltd
1860,Northern Star Resources Ltd
1861,Viohalco Hellenic Copper and Aluminium Industry SA
1862,WSFS Financial Corp
1863,UPM-Kymmene Oyj
1864,Badger Daylighting Ltd
1865,Powszechny Zaklad Ubezpieczen SA
1866,Skycity Entertainment Group Ltd
1867,Gielda Papierow Wartosciowych w Warszawie SA
1868,GrowGeneration Corp
1869,NetLink NBN Trust
1870,Nexgen Energy Ltd
1871,HMV Group PLC
1872,Per Aarsleff Holding A/S
1873,Domino's Pizza Enterprises Ltd
1874,Macquarie Group Ltd
1875,Trubnaya Metallurgicheskaya Kompaniya PAO
1876,Ion Beam Applications SA
1877,AVX Corp
1878,Hengyi Petrochemical Co Ltd
1879,GW Pharmaceuticals PLC
1880,YDUQS Participacoes SA
1881,Kilroy Realty Corp
1882,Sioen Industries NV
1883,Jonjee Hi-tech Industrial and Commercial Holding Co Ltd
1884,CareDx Inc
1885,BPIH Pty Ltd
1886,Proximus NV
1887,EverQuote Inc
1888,Charter Hall Retail REIT
1889,Bell MTS Inc
1890,Banque Saudi Fransi SJSC
1891,Industrias CH SAB de CV
1892,Transfar Zhilian Co Ltd
1893,Grupo Carso SAB de CV
1894,Guide Exploration Ltd
1895,Luxfer Holdings PLC
1896,Fresenius Medical Care AG & Co KGaA
1897,Hangzhou Hikvision Digital Technology Co Ltd
1898,Zijin Mining Group Co Ltd
1899,Schoeller Bleckmann Oilfield Equipment AG
1900,Mycronic AB (publ)
1901,Zhejiang Juhua Co Ltd
1902,Sydbank A/S
1903,SLC Agricola SA
1904,Macquarie Infrastructure Corp
1905,WMS Industries Inc
1906,TPK Holding Co Ltd
1907,Koninklijke KPN NV
1908,HKBN Ltd
1909,Genzyme Corp
1910,RCR Tomlinson Ltd
1911,Sumitomo Heavy Industries Ltd
1912,George Weston Ltd
1913,EQT Corp
1914,SJW Group
1915,SBI Holdings Inc
1916,Itau Corpbanca
1917,Byd Co Ltd
1918,DMG Mori AG
1919,Delhaize Le Lion De Leeuw SCA
1920,BJ Services Company LLC
1921,Pharmaxis Ltd
1922,Beijing Shunxin Agriculture Co Ltd
1923,ASML Holding NV
1924,flatexDEGIRO AG
1925,Unipar Indupa SAIC
1926,White Energy Company Ltd
1927,Oesterreichische Post AG
1928,Energy World Corporation Ltd
1929,Colony Bankcorp Inc
1930,QTS Realty Trust Inc
1931,BNP Paribas SA
1932,Groep Brussel Lambert NV
1933,Itau Unibanco Holding SA
1934,Companhia Brasileira de Distribuicao
1935,Foster's Group Pty Ltd
1936,Elmos Semiconductor SE
1937,Westrock MWV LLC
1938,PKM Canada Ltd
1939,Colgate-Palmolive (India) Ltd
1940,Balkrishna Industries Ltd
1941,Porto Seguro SA
1942,Sega Sammy Holdings Inc
1943,Biota Holdings Pty Ltd
1944,IWG Plc
1945,Cedar Woods Properties Ltd
1946,Alumina Ltd
1947,Hyundai Mipo Dockyard Co Ltd
1948,Nokian Tyres plc
1949,BTG Ltd
1950,Flight Centre Travel Group Ltd
1951,Square Enix Holdings Co Ltd
1952,Orix Corp
1953,Maanshan Iron & Steel Co Ltd
1954,Parkway Holdings Ltd
1955,Advantest Corp
1956,KWG Group Holdings Ltd
1957,Partner Communications Company Ltd
1958,VP Bank AG
1959,Sichuan Swellfun Co Ltd
1960,Perpetual Ltd
1961,Feng Hsin Steel Co Ltd
1962,IOOF Holdings Ltd
1963,Nortel Networks Corp
1964,LVMH Moet Hennessy Louis Vuitton SE
1965,Redde Northgate PLC
1966,Berjaya Sports Toto Bhd
1967,Maruti Suzuki India Ltd
1968,Schouw & Co A/S
1969,Vilmorin & Cie SA
1970,Raia Drogasil SA
1971,Howden Joinery Group PLC
1972,Kweichow Moutai Co Ltd
1973,Grupo Financiero Galicia SA
1974,Lee & Man Paper Manufacturing Ltd
1975,JPMorgan Chase & Co
1976,Avic XiAn Aircraft Industry Group Co Ltd
1977,Knowles Corp
1978,Rexford Industrial Realty Inc
1979,Telefonica Brasil SA
1980,Diagnosticos da America SA
1981,Devro PLC
1982,Flinders Mines Ltd
1983,Nanosonics Ltd
1984,Starpharma Holdings Ltd
1985,Outokumpu Oyj
1986,Regency Entertainment SA
1987,DSV Panalpina A/S
1988,Fuji Soft Inc
1989,Empresa Distribuidora y Comercializadora Norte SA
1990,Canadian Hydro Developers Inc
1991,Enghouse Systems Ltd
1992,CGTEL SAPI de CV
1993,Bmc Software Inc
1994,EDF Energy Nuclear Generation Group Ltd
1995,Hakuhodo DY Holdings Inc
1996,Sunland Group Ltd
1997,MUFG Americas Holdings Corp
1998,Gemfields Group Ltd
1999,Koninklijke Boskalis Westminster NV
2000,Potash Corporation of Saskatchewan Inc
2001,Gree Electric Appliances Inc of Zhuhai
2002,Suzlon Energy Ltd
2003,Koninklijke Philips NV
2004,GMK Noril'skiy Nikel' PAO
2005,Ulker Biskuvi Sanayi AS
2006,JJB Sports PLC
2007,Novozymes A/S
2008,Spotless Group Ltd
2009,Giralia Resources Pty Ltd
2010,Shanghai Yuyuan Tourist Mart Group Co Ltd
2011,Murchison Metals Ltd
2012,Mapfre SA
2013,Major Drilling Group International Inc
2014,Bank of Ayudhya PCL
2015,Sandfire Resources Ltd
2016,Clough Ltd
2017,Synovus Financial Corp
2018,Spark Infrastructure Group
2019,Warehouses de Pauw NV
2020,Emaar Properties PJSC
2021,NZME Ltd
2022,BP PLC
2023,iiNet Ltd
2024,Nevsun Resources Ltd
2025,Storytel AB (publ)
2026,Mahle Metal Leve SA
